document,label
절라남도 벌레?,0
부산에서 학식먹었는데 mt 동기mt 동아리mt 단한번도 해운대 안감 부산 현지인들이 다른데가야한다해서 안감 존나 더러운거 아니깐 ㅋㅋ,0
쌍도 여혐끝판왕의성지,0
제목보고 전라도 직감,0
홍어지 병신아 ㅋㅋㅋ,0
홍어짓인듯...,0
어휴 전라도 사투리컨셉잡고 노는새끼들이ㅋㅋㅋㅋㅋㅋㅋ전라도사투리 나왔다고 전라도면ㅋㅋㅋㅋㅋㅋㅋㅋㅋ여기 있는새끼들 절반이 홍어냐?,0
호남2중대 ㅁㅈㅎ,0
시발 경상도새끼들 작작해라경기도 밑으로 분리독립 시키면 안되나,0
머구놈들 정의로운척 쩌네,0
이거 일베충반 홍어반이 아니라 홍어가 철이네 철이야ㅋㅋㅋㅋㅋㅋㅋ 물보다 홍어가 많노 이기이기,0
하여간 우덜식이노우덜이니 씨발,0
지가 전라도면서,0
전라도색기들은 말하는게 참........... 이상해............ ;;;;;;;;;;;;,0
마 시팔 당당하게 윤보선하고 선거해서... 고무신 받은 전라도 몰표받고 당선됐다 이기야!!!! 유신 전까지는 민주성과 관련해서 하자가 없었음.,0
홍어새끼들 개좆같음,0
강라디언이 또..,0
죽은 홍어도 존나 개새끼다 시발,0
시체도 강간하는 경상도보단..,0
홍들홍들ㅋㅋ홍어샊히들 존나많네,0
부산 ㅁㅈㅎ 좆병신들 가면 조또 할것도 없고,0
멍청도식 오랜만이노 이기,0
조만간 전라도에서 최연소 기록 갱신한다,0
전라도 기자넘은 기사에 내용도 없고 제놈도 무슨 말 하는지 모를고 선동만 절라 해댐,0
전라도? 끄덕끄덕 .. 대체 얼마나 날림공사를 한거냐 시팔 ㅋㅋㅋㅋㅋㅋㅋㅋㅋㅋㅋㅋㅋㅋ,0
경상도 여자들 자기가 속아서 문재인찍어놓은게 열받아서 저렇게 글쓰는듯전부 출세한 사람들 전라도 사람들,0
문재인 지지율은 이미 전국 75%~80%인 상황이라 다 잘한다고 박수치고 있는데 통베충들만 왕따 중 ㅋㅋㅋㅋㅋㅋㅋㅋㅋ반면 씹그네 지지율은 10%대 아래로 폭락한 상황에서도 대구경북에서는 잘하고 있다고 60%이상이 지지함. 누가 진짜 또라이인지!?!?,0
나머지>>>>>>씹넘사>>>>>병신허세+부심좆되는 쌍도>>>>통수홍어ㅇㄱㄹㅇ ㅂㅂㅂㄱ,0
전라도 사람들이 머리좋고 영리하긴 하더라경상도놈들 무식한건 전국민이 다 알고,0
슨상고향 ㅁㅈㅎ ㅋㅋ,0
캬 전라도를 통수,0
김보름 마녀사냥 보면 알수있지...특히 심한곳은 전라도종특,0
"600명의 광수를 찾읍시다. 광수야. 어디서 사니? 어디로 갔니? 광주에서 사니? 호남에서 사니? 남한에서 사니? 살았니? 죽었니? 광수야. 너가 나타나야. 이 나라가 평온해 진단다. 39년이 흘렀는데, 찾았는데. 죽었니? 살았니? 죽었다면, 유족은 어디에 사니? 600명 광수는. 5.18 유공자란다. 5.18에 왔다가 어디로 갔니. 남한에서 사니? 북한에서 사니? 600명의 광수는 어디로 갔을까?",0
ㅋㅋㅋㅋ맞노 쌍도남들 재기해라,0
홍어급 피해망상,0
이게 강호의 도리다전라도 홍어들과 차이점임,0
양비론 펼치지마라 6 25때 더 남쪽인데도 홍어만 빨갱이 한테 넘어간점 경부고속 산업화 다반대하다 나라가 자리 잡자 김치녀 처럼 숟가락 들이미는 점지금은 나라다 망해가는데 지들이익 때문에 문재인 지지하는점 호남향우회 카르텔로 선량한 2030일자리 뺏은점홍어는 박멸이 답이고 불매가 답이야,0
아우 언제부터 쌍도까면 홍어가 됐냐? 밑에지방새끼들 하여간 개병신같다 그냥 홍어랑 쌍도랑 따로 나라차려서 꺼져라,0
머구는 지하철 광고도 참,0
"아 진짜 하프 쌍돈데.. 너네 이러는거 안 쪽팔리냐?? 우리 아빠는 차 충돌사고 났었는데 같은 쌍도라고 봐 줬다가 계속 후유증으로 고생한다.. 진짜 같은 고향이면 이해를 하는데 무작정 전라도라고, 경상도라고 너무 띄워주는거 아니냐? 경기도 사는 사람중에 김연아가 군포 출신이라고 경기도민 전체가 김연아 빨진 않어,, 군포시민이면 또 모를까.. 암튼 너네도 좀 자제해라 전라도랑 다를게 없음 하는 짓은",0
사람패죽이고싶으면 라도에가면되는고만~~ 1년6개월이면 군대보다 짧네,0
솔직히 지역감정 일으키고 열등감 느끼는건 대구경북이지.전라도애들은 인구 절반 빠진거 봐서서울시민이 30%이상일텐데전라도사람들 서울에서 자리잡을때 뭐했노?쿠데타 독재 지역주의에만 의존했지노력을 생각을 안해노? 어떻게 지역소득 꼴찌냐? 최저임금도 안주고?,0
개쌍도? 끄덕끄덕,0
친가 경기도 외가 멍청도인데 전라도라는 말뒤에 항상 개새끼들이 붙는다.그 절라도오~ 개쌕들~,0
그래서 진주가 어디냐전라도냐 경상도냐진주 시발 ㅋㅋㅋㅋ 들어본적도 없다,0
홍어 까발리는글은 ㅇㅂ,0
가끔이런글에 충청도가 더한다는 애들이있는데 저거 빗말은 아니다...충청도에서 23년 살았는데 80퍼는 진짜 착하고 20퍼는 악질이라 보면 된다...내가보기엔 이 20퍼들은 대부분 홍어나 하프홍어 일거다.. 착한 충청도인 등처먹으러온애들이 분명하다 홍어시키들ㅅㅂ,0
ㅋㅋ. 전라도 아줌씨의 무식함 ㅋ,0
일단 여기까지 확인된~30인 전라도 홍어새끼들 ㅋㅋ,0
정모씨외 123명= 조또 할짓없는 라도쌍도 종자들.. 그러니까 씨발넘들아 표준어랑 거의 비슷한 감자국언어를 익히란말이야,0
전라도새기들 이번사건 관심도없더라ㅋㅋ나보고 지랄한다 허위사실퍼오지마라고,0
머구는 애초에 최저시급주지도않으면서 ㅋㅋ,0
전라도새끼들은 전멸시키는게 답,0
일베에서 라도부심소리까지 나오냐 ㅋㅋㅋㅋㅋㅋㅋㅋㅋㅋㅋㅋ 그게 아니지,0
서울말써라 둘다 외국어잖아,0
홍어를 싸그리 정리해야함,0
"이유는 전라도vs다수 의 싸움에서 다수의 대장을 쌍도라판단 해서임. 상징성,정통성을 가진 쌍도를 우두머리라 인식 공격하는거임. 결국 쌍도가 무너지면 영향력 없는 타지역들은 저절로 복속된다는걸 본능적으로 알기 때문임. 이건 뭐 거의 정신병자 수준인데? ㅋㅋㅋㅋ",0
ㅋㅋㅋ전라도글에 대구라고하면 피꺼솟하는게이들 반응좀해주지마라ㅋㅋㅋㅋ,0
나련 아는 목포남도 입에서 바다비린내 나던데 후팔 아가리 꼬매고 싶었노,0
홍어 씹쌔끼 몇마리 벌써 풀발기하고 가만히 있는 경상도 건드리네 ㅋㅋ,0
설라디언 : 억양 전라도화 되어 전라도사람이 표준어만 쓰면 구별못함.,0
ㅋㅋㅋㅋㅋㅋㅋㅋㅋㅋㅋ제발 사투리쓰는새끼들 서울에오지마라 좆미개 ^오^ ....ㅋㅋㅋㅋㅋㅋㅋㅋㅋㅋㅋㅋㅋ,0
라도식 밥상머리 교육ㅇㅂ,0
글쓴 새끼 홍어 대깨문,0
탈홍어 애국보수 김관진장세동과 버금가는 탈홍어의 예,0
"정말 개쓰래기 더 쓰래기 가튼건 그짝 주민왈 ""젊은 사람들이 술마시고 그럴수도있쟈""아휴 내입이더러워진다",0
8번 대중공간에서 시끄럽게 떠들고 통화큰소리로하기.....어라???.... 이거 개쌍도새끼들 특징 아님???ㅋㅋㅋㅋㅋㅋㅋㅋㅋㅋㅋㅋ,0
전남에 양심가게가 3개뿌이고 ㅋㅋ,0
전라도유전자 518% 섞임,0
ㄹㅇ 씨바새끼들 특징이더라첨본 사람인데도 어 이새끼 말좀 통하네? 싶으면 홍어더라첨엔 상대방 듣기 좋은말만 해줌 ㅋㅋ거기에 속는거다그러다 친해지면 좆되는거다변사체됨,0
저새끼 살인저지른것만 보면 그짝놈이라해도 이상할게 없어보임,0
ㅁㅈㅎ홍어찌릉내 오질나구연~~~~~~~~~~~~~~~^^,0
씨발 대구 동구는 ㄹㅇ 사람 살 곳이 못된다 전투기 소음때문에 사람 노이로제 걸림. 집값 싸도 사람들이 동구로 이사 안 오는 이유가 다 있음,0
전라도는 준법정신이 없다고 보면된다아 물론 난 전라도 사람이다,0
광주사태 희생자 <200명^^김대중정권 자살자 한해1만8천명^^,0
ㅅㅂ 대구도 홍어 멀티구만 지들은 ㅈㄴ다른척 하고 있었네,0
경남 답다...,0
홍어끼리 모이는것도 똑같네,0
쌍부심ㅋㅋㅋㅋㅋㅋㅋㅋㅋㅋㅋㅋㅋㅋㅋㅋㅋㅋㅋㅋㅋㅋㅋㅋㅋㅋㅋㅋㅋㅋㅋㅋㅋ,0
ㄹㅇ 동급인 촌놈새끼들끼리 싸우긴 왜 싸워,0
성자썰 올리던 웜련인데 안터지는게 이상했노^^ 그동네는 노콘 안해주면 술값안낸다 내상^^이다 좆지랄나는 동네노 삿스가 쌍도남,0
쌍도나 라도나 표준어 안 써서 ㅁㅈㅎ,0
아내가 대전이 고향이라던 여수출신 고향세탁홍어에게뒤통수 쳐맞고인생망가진 빙신이다.,0
?? 전라도 애들 인터넷 안하는거 같던데?지가 전라도라는 새끼들 아예 없잖아. 경상도랑 서울밖에 안보이는구만,0
광주 자택서 검거,0
역시 개쌍도라서 그런지 뇌가 온전하지 못한 새끼들이 많음,0
일베가 졌다... 세월호 사망자 어묵이랑 광주 시체 사진 홍어제철로도 비빌수가 없다 어묵하고 시체홍어 까지만해도 일베가 1순위라고 생각했는데.. 행동하는 년들은 이길수가 없다 비빌라면 단원고 가서 어묵의 후예들은 운지하라고 시위하거나 해야된다..,0
개쌍도 최고 아웃풋 ㅋㅋㅋㅋㅋ,0
경상도 욕하는새끼들중에 서울새끼들은 자격없다 설라디언이 대부분에 박원순뽑은 멍청한 개좆병신새끼드림,0
전라도사는 1퍼셎트는 정치얘기 속으로만 삭히고있겠네 ㅋㅋㅋㅋㅋㅋ,0
광주 전남.. 열차타고 .. 김대중 가는날..,0
"전라도 깽깽이녀"" 입만 열면 거짓말에 모함 전라도는 과학이다.",0
홍어도 거른다는거지,0
경상도친구있는데 친해지기쉬움전라도친구있는데 아직까지통수안당함특수한케이스냐?,0
"수도권인구 2500만중 약40%가 전라도출신 또는2.3세들 입니다.그기에 동화된 20~40대 젊은유권자들 때문에 나라및 市정이 엉망으로 돌아가도 아무도 모르고 있었다는게 개탄스럽습니다. 국방 외교 경제 최소20년 후퇴됬습니다. 국민분열 좌우분열 세대분열, 이젠 불신이 극에달하고 아무리 나쁜짓을 해도 내편은 감싸고 도는 정치행태...휴",0
쌍도 새끼들 돌았네,0
개쌍도도 조져야함 ㅋㅋ 홍어 개쌍도 둘다 땅크로 밀어버리자,0
역시 의리와인물들이 많이나는 갓상도. 한국하면 갓상도아이겠盧?,0
요즘 충청도도 북홍어라 불림,0
일베가 쌍도를 까는 날이 오네 ㅋㅋㅋㅋ나 쌍도아닌데 이제 일베가 망할때가 왓다 ㄹㅇ유입존나많고 원래있던 멤버들 빠져나가고 고렙 숨어있는 통베충들도 슬슬 고개를 드네,0
쌍도새끼들 오늘하루종일 쉐도우복싱잼,0
홍어는 과학이랑께,0
저열한 전라도 패거리들...저러니 전국 왕따 당하지..,0
홍어스포머보소~~~,0
쌍도 역적의 고장,0
광주비엔날레에서 닥ㅈㅎ,0
그냥 노예통구이새끼들이라서 그런거임,0
역씨 개쌍도 똥푸산 견찰이 하면 제대로 하는게없음보지 진급이나 시킬줄 알지,0
전라도 제대로 털면 ㄹㅇ 간첩들넘쳐날듯,0
진짜 상상만 해도 극혐이다 ㅅㅂ전라도 씨발새끼들은 대체 염치라는게 없냐?,0
전라발찌시급ㅅㅂ,0
전라도 경상도새끼들 존나시끄럽다서울에살고 조상님도. 서울에사셨다미개한 경상전라 새끼들 짜져살어라 냄새난다,0
통궈 새끼들 유입드립 지리네 그냥 홍통일체지 씨발 뭐만하면 홍어유입이라고 핑계오지네,0
설라도 수준보소ㅋㅋㅋㅋㅋㅋㅋㅋㅋㅋㅋㅋㅋㅋㅋㅋㅋㅋㅋ,0
솔직히 설리 까는 애들은 어디 사이트를 불문하고 다 홍어 아니냐? 그 특유의 전형적인 시기심 투쟁 승리 뭐 그런거 말이다 빨갱이 버릇말이다,0
고담시 대구 존나 시끄럽고 나대는새끼들 많은곳이 대구 아니노,0
명불허전 사스가 광주,0
아버지가예전 유머1번지 매기 병장 닮았노암튼 홍어 혐오는 ㅇㅂ,0
강원도 사람이니까 일베 아니네 휴~,0
노잼떡밥이 시작됨으로써 통베가 개좆노잼이되고동접수는 급격히 떨어지고 짤게는병신글로 넘치며홍어들도 성공했다며 오유로돌아가고 통베는망하는데,0
무슨 이유로 민주당이 호남을 차별한다고 생각하나요?? 메모들의 단점은 팩트가 없는 것입니다. 역시 메모,0
내로남불 정권이 내로남불 하는 게 무'슨' 문제 '라도'?,0
전라도 검은색버전,0
어딘지 모르게 서울외에는 다 미개해 보이네 ~,0
호남향우회 사무실에 지발로 찾아가놓고 십자가 있다고 교회인 줄 알았나보네. 착각과 무지는 ㅁㅈㅎ 막줄 마인드 보니까 쌍도라도 남들 전라도 동급으로 보는 그런 경북 삼천 오지 출신인듯......,0
서울 ㅂㅅ새끼들 지들이 서울토박인줄 착각하는데 거기에 절반넘게 설라도야 븅신아 서울시장만봐도 보수아니고 민주당인거보면 니 본적까면 설라도니깐 입닫아라,0
전라도 홍어놈년들은 홍어 좋아하더라 냄새 오지는데 미개하긴,0
ㄹㅇ 7시였으면 허브 가져갔겠지,0
경상도것들 조심해라,0
"일베와서 이거 하나만 배워도 인생 반이상 성공한거다""전라도를 피해라""",0
전라도 병신새끼들 ㅉㅉㅉ 부모님한테 나도 물어보니까 절때 지들은 전라도 사람이라고 말 안한다더라 쪽팔려서 ㅋㅋㅋ,0
홍어새끼들아.. 니들이 저사람들 보고 느끼는 감정을 그대로 우리가 느끼고 있다..,0
"전라도 개새끼들이 저런거는 반대해도 성욕이 뇌를 잠식해서 변태 성행위업소, 창녀촌 , 안마방 같은 곳은 좆나 많다",0
촌은 어지간해선 다 그래촌에 별장지으면 돈 꽤나 있는놈이구나 하고 벗겨먹을라함촌사람들 순진하고 착하고 그런거 절때없음,0
광주는전략적으로경상도 사람을 대통령후보로 올렸다.이정도의 전라도 구애 전략도 못견디고욕할 정도면 ㅉㅉㅉ,0
저런 놈이 설칠수 있는건 문재앙 때문이고..문재앙이 저짓 할수있는건 전라도 때문임...ㅇㄱㄹㅇ...,0
으따 우덜식 손님응대랑께,0
씨발 역대급이다 싶음 전라도새끼네 ㅋㅋ,0
홍어쉐리들 .많아졌네,0
포항? 전라 멀티 된지 오래임,0
개쌍도 걸고 넘어지는 라도새끼들도 문제지만설라도 사는 좆도 아닌 부심 부리는 새끼들도 좆같다.박원숭새끼 뽑아놔서 맨날 좆같은 꼴보는게 하루이틀도 아니더라.,0
이건 라도에만 극한 된게 아니라 조센 전체의 상황 아님? 최근 이슈가 되고 있는 사건들 중 버닝 썬 이라던가 정민이 실종사건 ㄱㅊ이 한게 뭐 있냐? 정민이 같은 경우는 시신 마져도 정민이 아버지께서 고용한 분이 찾은 거 잖아 개 빙시리 ㄱㅊ 것들은 꼬챙이 들고 한강주변 땅이나 잰 종일 쳐 질러 찍고 있더라,0
멍청도 새끼들도 싫어서 ㅁㅈㅎ즌라도 다음으로 싫다,0
대구 이사가고싶다. 홍어들이 그나마 없잖아. 나중에 꼭 이사간다,0
대구 새기들평균 수준이다 ㅋㅋㅋㅋ,0
과수나뭇집 사이시옷 존나 억지스럽네 걍 과수나무집으로 발음 하는 걸 굳이 센발음 만들어 홍어스럽게 해야겠냐,0
민주화수 올라가는거 보소 ㅋㅋㅋㅋㅋㅋㅋㅋ 요즘 일베 호남향우회 다 됨 ㅋㅋㅋㅋ전라도 애미애비 뒤진 씹새끼들 특징 = 경상도만 지들 싫어하는줄 착각함. 현실은 전라도 빼고 전라도 다 싫어하는데 ㅋㅋㅋㅋ와 전라도 씹새끼들 공포영화가 따로 없네 ㄷㄷㄷ,0
쌍도투어 ㅋㅋㅋㅋㅋㅋㅋㅋㅋㅋㅋㅋㅋㅋㅋㅋㅋㅋㅋㅋㅋㅋㅋㅋㅋㅋㅋㅋㅋ 아이고 머준이형,0
딱 전라도 새끼ㅏ들이네,0
쌍도새끼들은 회치는게 기본 패시브 스킬이노? 존나 부럽다이기,0
전라도기떄문에 ^^,0
마법의 단어 '전라도'는 어케 되노,0
홍어도 안친 분향소 통수를 오늘 쌍도에서만 두번을보네 ㅋㅋㅋㅋㅋㅋㅋㅋㅋㅋㅋ,0
머구에서 젤 더러운게 영대 카르텔 이새끼들 완전 마피아 수준홍어들처럼 직장내에서도 지들끼리 뭉쳐다니며 파벌만듦,0
쌍도와 라도 흐힛,0
ㅋㅋㅋㅋ 전라도 씨발,0
호남두여경두날강두전라두강간두애널두,0
쌍도남 안 봐도 얼마나 빻았을지 상상이 가노,0
그럼 전라도는 살기위해 더 필사적으로 이재명을 밀겠군일단 달래서 표받고 죽이자,0
쌍도것들 풀발기 ㅋㅋ,0
쌍도좆들 배터트려서 창자로 줄넘기 몇개할수 있는지 시키고 먼저 걸려 넘어진놈부터 총살하고 싶노ㅋㅋㅋ,0
설라도가 이 글을 싫어합니다,0
그 유명한 광주 조씨네 .............ㄷㄷㄷㄷㄷㄷㄷㄷㄷㄷㄷㄷㄷㄷㄷㄷㄷㄷㄷㄷㄷㄷㄷㄷㄷㄷㄷㄷㄷㄷㄷㄷㄷㄷㄷㄷㄷㄷㄷㄷㄷㄷㄷㄷ,0
전라도애들은 왜 저렇게 다 똑같이 생겼냐 ?? 김연아 + 허1지웅 느낌 나네,0
좆라도 깽깽이들은 탱크가 답ㅋㅋㅋ 미개해서 사람 살 곳이 못 됨 바퀴벌레 소굴,0
전라도에선 일상이지,0
아마 이 댓글에..전라디언 김씨들.. 모두 등판 할것 같은디...,0
개미쳤네 이정도면 전라도 독립 시켜 버려야하는거 아니냐? 이딴식으로 할꺼면,0
서울에서 굶어죽어???ㅋ ㅋㅋㅋ생 또라이같은년이 지방가서 유유자적 일하고 살면되지 꼭 지방 그지 새끼들마냥 되도않는 서울에 츠 기어가서 서울부심 부리고 앉았노 ㅋㅋ 잘뒤짐 캭 퉷~,0
전라도 광주 끄덕끄덕,0
홍어들이 웃기는점 민주화세대가 거의5~6 십대가 되었는데 틀딱이라고하니 자기들마음에 안들면 틀딱이냐?,0
전라도 십새끼들 이를 악물고 경상도 80퍼 얘기하네ㅋㅋ,0
우덜은 자지가 홍어맹기로 펄펄 뛰는디 으쩍헌대요????,0
홍어 경찰이였으면 구조대 올때까졍 쪼까 기다리쇼잉 여러분 진정들 하쇼잉 이짓 했을듯ㅋㅋ,0
대한민국이 선진국이 되려면 살인강간하는 전라도랑 코로나 퍼뜨리는 대구는 국경설치해서 봉쇄해야됨ㄹㅇ나오려는놈은 경고사격없이 조준사격으로 죽여버리고,0
거기에 전라도까지,0
씹탱들아니들은 아무나 호남상 호남상 그랬지?저게 바로 전형적인 전라도 면상이다아무한테나 호남상 타령하지 마라,0
나도 봤어 인터뷰때 쌍도 사투리 쓰는거 보고 급호감^^,0
지역감정 조장은 무조건 ㅇㅂ야..,0
서울자체가 라도 멀티인데 무'슨' 지역감정이 ㅋㅋㅋ,0
2005년인가 광주에서 적발된 부정행위자가 시발 전국 부정행위자 몇년치 합한 것보다 많더라 씨발럼들 ㅋㅋ,0
식탐 성욕이 크지 식당 가서 맛타박 하는거 보면 9할이 라도,0
저 더러운 쌍판떼기 왜 자꾸보이나. 욕나온다. 그리고 왜 화가 7시로 꽂힐까?n재수없는 삐딱한 7시 시계바늘.,0
전라도....제발전라도....,0
쌍도 ㅂㅅ들 존나 미개하지,0
역겹다 전라도 새끼들,0
쌍도새끼들 민주화준거봐라 ㅋㅋㅋㅋ,0
좆라도새끼들 팡주폭도가 방화범이라고 뽀록난기사에 댓글좀 봐야겠다 ㅋㅋ,0
분탕 잼~ 불구경 잼~ 그런데 광주화 버튼 누른 저것들은 진짜 뭐지?,0
전라도인들은 사상이 뼛속부터 다른듯. 저게 인간이 할 짓이냐 ㅋㅋ,0
딱 대한민국이 전라도에 흡수당하면 저럴수있겠다...,0
지역감정? 니 주변에 너에게 좆같은 짓을 한 새끼가 있으면 고향이 어딘지 물어봐라 그리고 공통점을 찾아라 그럼 그게 지역감정이야,0
조선시대 양반 - 전라도경상도 - 천민집단반박시 경상도,0
"왜그러냐면 개쌍도새끼들은 매신져로 글쓸때도 표준으로쓰면 줫나 오글거려서 어쩔수없이 사투리를 섞는다 예를들면 누구한테 학교갔는지 물어볼따 ""학교갔어? 학교갔니?"" 이딴식으로쓰면 존나 견딜수없음 그래서 ""학교갔나?"" 이렇게 개쌍도말이 메신져에서도 나오는거",0
키아! 홍어들 통수맞은 기분!,0
이런글 재미도없고 홍어들이 불의도시다 통구이다이지랄 떠니까 올리지마라,0
사실 백제는 충청도 아니냐??,0
전라도의 알흠다운 미풍양속,0
머구잼.....,0
ㅋㅋㅋㅋㅋㅋ이러니까 쌍도가 지 병신인거모르는병싱이라그러지ㅋㅋㅋㅋ진짜 홍어나 과메기나 한양에선 다 병신,0
즌..라..도..,0
쌍도 새끼들 극혐ㅋㅋ 홍어들만 지들 싫어하는줄암ㅋㅋ,0
"인정한다,,,,쉬부레,,,,홍어,,쉐리덜,,,,",0
경상도 미개하다 우리모두 인천으로 옵시다 경제수도 인천~,0
대구의 인건비는 최하위라 난민도 거르는 실정,0
충청도 뒷통수도 얼얼허노...,0
여자는 경상도보다 전라도가 이쁨 ㅋㅋ,0
첫줄 읽자마자 전라도 냄새나서 ㅁㅈㅎ,0
전라도가 아닌게 더 신기,0
홍어들의 고향세탁 기술은 LG 드럼세탁기 수준입니다.,0
시발 전라도턱 보소 ㅋㅋ,0
아니 공동명의 를 왜하냐 부부 라도 재산 은 확실히 따져야지 아니 엄밀히 따지고 보면 남남 이야 요즘시대에 무슨....어떤일을 할때는 최악의 경우를 항상 생각하고 해야 뒤탈이 없는거야 아니 왜 자기 돈을 여자한테 주냐 미친거 아니냐,0
전라도 개새끼들은 학살만이 답이다,0
쌍도부심 ㅁㅈㅎ 병신아 이와중에도 홍어야갤새끼들 풀발기하노 ㅋㅋ,0
밤 12시 ~ 2시까지가 홍어새끼들 제일 많은거같음ㅋㅋ 이시간대가 딱 모이는 시간대냐?,0
ㅇㅂ 홍어새끼들은 한국에서 썩 꺼져라,0
군대 맞선임 광주새끼였는대 랑께~ 참 많이씀,0
좆라도로 도망가,0
홍어새끼들 신나서 얼씨구나하고 ㅇㅂ 주네 미친넘들 어휴,0
라도나 개쌍도나,0
전국 맘카페 세무조사해야합니다. 특히 제주맘 1순위로 하시길,0
전형적인 홍어상은 존나 무장공비처럼 생기지않았냐? 힘 좀 꽤나 쓸거같은 인상,0
광주자택에서 체포,0
지금 방송중인데 술집 호스티스가 제보함ㅋㅋ박유천 같은 케이스일 확률 518%ㅋㅋㅋ역시 명불허전 우파이스ㅋㅋ,0
"ㄹㅇ 전라도애들 돈에 굉장히 민감하고 돈앞에서 의리없고 호의앞에서 의리없다 정말 한국사람 맞는지 의문이 생길정도로 정,의리란게 없음",0
전라도가 주요 공직 차지해서 각종 만행을 저지르는데 누가 곱게 보냐???검찰 꼬라지 봐 문재앙 정권 좌파의 구린 걸 덮기 위해 발악하는 전라도 검사들 봐라이상한 판결 내리는 판사도 전라도고 빨갱이들도 전라도가 졸라게 많고 매국질 하는 쓰레기들도 전라도가 다수고조국 열렬히 지지하고 문재앙민주당 공산독재 부정선거 쳐빨던 미친 지역이 전라도잖아,0
그 시점까지 기다린 뒤에 ㄹㅇ 518때 홍어 잡듯이 진압해야 됨.노동력 부족한 이상 사람이 필요하긴 한데 한국에 온 이상 지금 우리 사회에 그들이 녹아야지근데 그러지 않고 그들만의 동네를 만들고 있음. 지금은 그쪽에서도 공격하지 않고 있으니 명분이 없다만 언젠가 걔네들도 대가리수 어느 정도 찼다 싶으면 폭동 일으킬건데 그때가 명분도 살고 시기적으로도 딱임,0
슨상금 사냥꾼 ㅋㅋㅋㅋㅋㅋㅋㅋㅋㅋㅋㅋㅋㅋㅋㅋㅋㅋㅋㅋㅋㅋㅋㅋㅋㅋㅋㅋㅋㅋㅋㅋㅋ,0
캬 역시 애국보수의 성지 대구답다! 대한민국 3대부촌 중 하나 대구!! 대구 까지 마라 대구 까면 무조건 홍어다 이니!,0
쌍도가 원래 민도가 낮음...,0
개쌍디언 전라디언뭔가 발음은 경상도 욕이.더 심한 것 같은데딱 봐도 전라디언은 그 자체,0
머구 공무원들이 얼마나 썩어빠졌길래,0
통수 일발 장전이노? 홍어새끼들 믿을 수가 있어야지,0
전라도의 진골홍어가 목포듯이 개쌍도의 진골 통구이는 대구 달서구다.맨날 저기는 사건사고가 터지며 존나 가난한동네이자 얼굴형과 말투 성격이 너무 비슷하다.,0
전라도 놈들이 다 해쳐먹는구나..,0
홍어 새끼 말을 고대로 믿노 ?안철수 찍는다고 하고 문재인 찍음 ㅅㄱ,0
어제 올라온걸 바로 또 올린게 더 소름이야 씨팔앰뒤 노양심 홍어같은년 ㅁㅈㅎ,0
일베에도 홍어가 왜이리 많노,0
"그래서 딱히 전문적인 기술도 필요 없고 상급자나 상관 똥꼬 빨아주는거랑 애새끼 쪼아대고 갈궈대는게 일상인 원,상사급 육군 부사관들 중에 홍어가 많제. 내가 있던 기보대대의 경우엔 대대에 120명에 달하는 부사관들 집합하면 그 중에 40% 가량이 홍어였다.",0
하여튼 선거때마다 김부겸 밀어주는 조뼝신 통구이수준,0
역시 외국계 기업이라 왜 [저 땅]에 대형마트가 없는 건지 모르는군 ㅋㅋㅋㅋㅋ물건은 돈을 내고 구입하는 게 아니라몰래 훔쳐오는 것이라는 생각이 보편적으로 자리잡은 지역이 바로 전라도인데 저기에 대형마트를? ㅋㅋㅋㅋㅋㅋㅋㅋㅋㅋㅋㅋㅋㅋㅋㅋㅋ,0
너네들 기독교가 보수라고 떠드는 거 속지마라가보면 죄다 전라도다경상도 몇명 앞에 세워두고 실제는 죄다 전라도다,0
전라도언니? ㅁㅈㅎ,0
문재인과 전라도거지들 척살,0
이게 경상도 사람들 평균이구나 그래서 다들 경상도사람만보면 시끄럽고 뭔가 피해의식이 가득하다고들 말하는데,0
"경상도 포항,부산 이쪽에서 당한거구만",0
일반적인 표준말쓰는 마계사람으로써 사투리가 거슬린다는생각은 안해봄성격이 병신인거지,0
아닙니다 아닙니다 이거 다 그짓말입니다저거 다 전라도 뱁니다,0
대구 평균 ㅋㅋ,0
이영자 멍청도더 멍청한 놈은 ㅁㅈㅎ,0
저걸 청와대나 광화문가서 해야지 왜 촌동네에서 저러고있냐? 별 병신을 다보겠네,0
아따 시조새파킹했노이련아ㅋㅋ 쌍도머 그남이노 아즉 재기 안했다노?,0
경상도가 병신이라면전라도는 개병신일쁀임 ㅇㅇ,0
쌍도부심 좆같지만 갓카홈그라운드 닥ㅇㅂ,0
아이템 잡아서 캡쳐 뜨고 밑줄 긋고 열심히 했는데 쌍도드립 치다가 운지 해부렀노. ㅂㄷㅂㄷ?,0
"시발 조만간 일베 씹선비 오겠네. ""여긴 쌍도 저장소거든요. 쌍도 까면 안돼요. 원래 홍어만 까는데. 요세 유입 많고 초중고 많아져서요. 유입 OUT 초중고 OUT""그리고 그 글은 일베 오겠지.",0
쌍도나 홍어나 말 알아먹기 힘든건 매한가지네 ㅋㅋㅋ 시발 외국말하는줄알았다,0
아따 오늘 민주화 수 와 이러노?? 홍어청정구역 선포해도 되겠네ㅋㅋㅋ,0
"전라도 새끼들이 '토착왜구 KBS 안보기 운동'을 하는지 한번 지켜보자.뭐, 답이야 뻔하지만.",0
apk 파일도 없는데 지인카톡에 무'슨' 수로 퍼뜨려ㅋㅋ빡대가리 한놈만 걸려라 이거네,0
경상도새끼들 정신이 애새끼같아 ㅋㅋ전라도 다음으로 극혐 지역만으로 걸러야한다면1순위 전라도 2순위 경상도,0
탈북자까는애들 1000%홍어,0
머구도 절반은 문재앙 뽑았다지. ㅂㅅ들,0
[팩트] 홍어는 한국사람 아니라 북괴 지령받는걸 이상하게 여기지 않음,0
전라도가 불을 질렀다,0
서울인데 구의원 부동산 아파트 윗층 아랫층 다 전라도임 ㅋㅋ,0
마계 홍어 아주 인간관계 ㅆㅅㅌㅊ네 ㅋㅋㅋ인생 좆망 하는 테크,0
통구이들이 에휴,0
전라도 시발놈들은 싸그리 가스실로 111111,0
절라도 문신충이라서 출소후가 기대된다!!! 호성이 빙의된 모습을...,0
울산도 전라도판이다,0
홍어들이 몰려오면 맨먼저 티나는게 댓글에 정게로 꺼져라 노땅아 부터 시작되는듯. . ㅋㅋㅋㅋㅋㅋㅋㅋㅋㅋㅋㅋㅋㅋㅋㅋㅋㅋㅋㅋ추천홍어요정까지ㅋㅋ,0
헐? 쌍자지는 그냥 잠재적범죄자취급할것도 없이 범죄자취급해야겠다 개씨발쌍도버러지새끼들,0
강원도 삼척 이제 정신돌아올때 되지 않았는지.. 정말 요즘 벼락도 많이 치던데..,0
변희재 닮으면 전라도다. 진중권도 당연히 전라도고,0
전라도 인기 스포츠,0
전라도 새끼들은 멍청해서 올인하거든 ㅋㅋ김머중에게 보여주던 라도종자의 똥개스러운 복종심을 이용하면 그 누구라도 대통령은 꿈이 아님,0
전라도틀딱이나일베틀딱이나 다똑같음 나이어린애들보면 만지고싶어함,0
"탈레반들이 잘 아는지는 모르겠지만,즌라도식 민주주으를 위해서 반홍어 상징적인 곳에 테러하면유공자되고 보상도 받을 텐데... ㅋㅋㅋㅋ",0
쌍도 폭발시키기,0
역시 졷망 대구평소에 부심만 존나 부리더니 수준이 홍어랑 동급;;,0
내가 젤 싫어 하는게... 지역차별이랑 전라도다!!!,0
주변 천지에 들리는 개쌍도 사투리는 뭐냐?,0
"부산은 도대체가 나쁜건 자기부정을 하고, 좋은건 없구나",0
천연발정제 홍어의 힘,0
홍어는 민주화씨발아,0
전라도 경상도 둘다 좆병신개쓰레기인데?,0
대구 쓰래기 수준 ㅋㅋㅋ 마 왜 사노?,0
대중을 이끄는 홍어의 여신,0
518이 민주화 운동이라면 왜 국가에서 나서서 민주화운동이아니라고 하면 처벌까지 한다는걸까요 뭔가 찔리는게 있는가요,0
목사 자격도 없고 학력위조한 가짜목사더만. + 전라도식 장애인 착취의 만남.,0
대구새끼들 욕할게 아니라누가봐도 연출 또 쇼하는건데ㅋㅋㅋㅋ 머가리 모자란 일게이들 많노 ㅋ,0
"코트 = 전라도 목포출신, 좌파임 ㅅㄱ",0
김대중 개씨발새끼 ㅇㅈ 다리끊고 도망간거도 펙트 고로 난 ㅁㅈㅎ줌 좆승만 싫어하면 홍어새끼랑께요~~~~~~~~~~~~~~~~~,0
지역감정조장하는건 욕먹을만하지않냐애초에 개쌍도새낄 다 잡아죽임 해결이긴한디,0
그년의 환경 타령은 절라도새끼들 전매 특허더니저런데서는 왜 조용하노,0
근데 야채 홍어새끼들은 정규시즌 다 끝나가는데 12번밖에 안 붙었냐,0
그짝은 결정적인 순간 우덜으 힘이 작용함근데 설라디언도 마찬가지임,0
벌라? 전라도?끄덕끄덕,0
사회 생활 조금만해보면 전라도나 경상도가 둘다 병신인거 알텐데 방구석에 쳐박혀있는걸 존내 티내내경상도 욕하는게 홍어새끼들밖에없는줄알지?? 난 토종 충청인인데 경상도 허세부리는새끼들 존나 역겨워 쓰렉앜ㅋㅋ,0
ㅈㄹ니가 개쌍도라 그렇잖아 왜 그렇다고 말을못하니ㅠㅠ,0
그냥 가라 병신년아니는 개쌍도년 아니냐 홍어같은 새끼,0
홍어새끼들 말이 저리 기노 ㅋㅋㅋㅋㅋㅋㅋ,0
거기 교장이 전라도 인간인듯하다 이기야,0
댓글에 분탕홍어들 다 모였네 ㅋㅋㅋ,0
부산 홍어멀티 된지 오래인데 뭔 영호남이냐 ㅋㅋㅋㅋ 그냥 적자호남 양자호남 대전이지 ㅋㅋㅋㅋ,0
뭔가 벼루고 있었던 모양이네 꼬투리 잡는거 보니까 아님 고향이? 설라디언이던가 ㅋㅋㅋ,0
끄덕? 머구머구,0
머구 저임금은 똑독한 애들 타지로 보내고 돌대가리만 남게 되는 악순환을 초래한다.,0
마누라도 전라도겠지? 마누라정보는 없냐? 애들은 어쩔 기본도덕관념도 없는데 뭐?? 변호사 ㅋㅋㅋㅋㅋㅋㅋㅋㅋㅋㅋㅋㅋㅋㅋㅋㅋㅋㅋㅋㅋㅋㅋㅋㅋㅋㅋㅋㅋㅋㅋㅋㅋㅋ,0
개슬람과 전라도는 전부 불에 태워,0
아휴 시발 좆같은 서울 뺀질이새끼들,0
그냥 전라도새끼들은 다 빨갱이 아니냐? 어딜가나 정부한테 지롤하는 것들은 죄다 전라도들이야,0
쌍도놈들이 남자다운척 하는건 있지그게 멋인줄암그래도 전라도만 하겠냐만은ㅋㅋㅋㅋㅋ,0
나라가 이꼬라지난건 모두 전라도 홍어새끼들 때문임,0
ㅋㅋㅋㅋㅋㅋ 백퍼 그짝당이네,0
여러분 전라도랍니다!와아아아아아!!!,0
전라도 홍어 새끼들한테 당한 일베충이 몇이나 있길래 홍어홍어 거리면서 왈가불가 하냐 병신새끼들아 ㅋㅋㅋ,0
홍어도 안다 지역갈등 저건지 왜시인안하게 지가나쁜놈되는건 절대시인 안하지,0
나련 수도권사는데도 좆같은데 쌍도는 후팔..쌍도남 때려죽이고싶노,0
경찰이 사기치면서 사기꾼잡는거랑 똑같노 뒤에선 뇌물받아쳐먹고 그러겟지 ㅉㅉ 부산놈판사,0
박항서가 쌓아올린거전라도 새끼 하나가 똥칠하네 ㅋㅋ,0
전남 방직 아들......김무성.....지자리 찾았갔네.그동안 보수 코스프레 한다고 수고.,0
야시발 이글에 홍어들좌표찍혔나봐 존나 많아;,0
전라도라 죄송합니다!!!!,0
시발 홍어의철퇴 보고 웃다가 뒤지는줄 알았다 ㅜㅜ,0
"야ㅋㅋㅋ 댓글들 수준봐라ㅋㅋ 국뽕, 홍어들 거품무는거 보는게 꿀잼이네ㅋㅋ ㅂㅅ들아 반일종족주의 저책 국뽕학자들이 반론했다는 논문이며 책이며 다 기존에 있었던 논문이랑 책들 토시하나 틀리지 않고 그대로 나온것들이다. 반면 반일종족주의 저자들은 기존 논문이랑 책들 반박한거고.",0
야시발 전라도 떡밥 시즌2 가자,0
노무현 까다 쌍도로 풀발기되는거보소 ㅋㅋ쌍도잼,0
고향세탁전라디언,0
빠싹 구운 통구이는 ㅇㅂ야,0
충청도는 밥상머리 교육은 안한다 나도 지역감정은 인터넷으로 처음 알았다,0
신도시가 생기면 그곳은 그냥 잡탕찌게가 되는겨 별의 별 사람들이 다 있다니까..목사 모녀도 그중 하나겠지..,0
ㅋㅋㅋㅋㅋㅋㅋㅋ 개독들 하는꼴이 좋아보였나보다ㅋㅋㅋㅋ 가장성스러운 시간이 헌금하는 이시간이라했던 얼빠진 또라이가 엄청 부러웠던 모양 ㅋㅋㅋㅋ,7
"미개는 무슨, 무슬림은 종교가 아니라 이념이다.이념중엔 민주주의, 공산주의, 주체주의가 있듯이무슬림이라는 이념이 따로 있는거임무슬림은 주체주의와 동급의 악질 이념이므로 탄압하는게 옳다",7
간증이라는 말에서 주작가능성이 기하급수적으로 높아졌다.왜냐면 개독이 개독 집회에서 개독의 세력 불리기 + 이슬람견제의 의도를 갖고 한 간증일테니. 김대중이 바다위에서 예수님을 봤다고 하는것도 일종의 간증이지,7
그렇게나 억울했으면 조용히 안가면 될걸 사장님이 현장에서 죄송하다고도 했더만. 녹취록 첨부터 끝까지 다 들어보니 세상 살면서 우쭐해 하면서 약자한테 갑질 꽤나 하면서 산 모양새더라. 쌍시옷 ㄴ 이라고도 하더만 그 얘기 듣고 진짝 식겁했다. 조근조근 논리적으로 따지는것도 아니고 윽박에 육두문자에 헐.. 당신네들이 믿는 신은 그러고도 천국을 데려가나? 당신들로 인해 믿는 사람들은 다 그렇구나라고 또 한번 깨달았고 그래서 신팔이들을 혐오하게 됨.,7
기독교 애미 뒤3진련ㅋㅋ 예수 똥꼬 강간함^^^,7
애들아 교회 다니는 사람 하고는 상종도 하지마라~,7
하나님 이름을 팔아 돈벌이하는 목사들,7
진중권씨는 동성애를 하는 사람들의 삶에 대해 얼마나 관심이 있나요? 남성 간 항문 성교는 에이즈나 A형 간염 등 심각한 질병들을 일으키는 주요 원인이 됩니다. 또 동성애자들은 노후의 외로움과 자살율도 높습니다. 기독교인들은 동성애자를 차별하거나 핍박하지 않습니다. 오히려 그들의 건강과 영혼을 염려하며 돌 맞을 것을 알면서도 진리의 소리를 내는 것입니다.,7
민주당은 저런 무슬림들을 받아 드려서 테러범으로 키우는 것이 인도주의 정신이라고 하진 않겠지?n절대 무슬림들은 안된다~!!n그들이 가는 곳에는 꼭 피의 만행이 뒤 따른다.,7
웃기노개슬람새끼들은 동성애를 혐오하는데ㅋㅋㅋ,7
제발 목사들좀 ㅡ 사회악ㅡ,7
이슬람이 피해자인데 이슬람 욕하는 멍청한 개독들 많네...,7
목사씩이라는 것들이 거짓말이나하고 참이나 좋은말씀이 나오것다 ㅋ,7
개신교 전체가 이단입니다,7
아~~빙구들~~교회 안나가구 절에 가면될걸 가지구 멍청하게 그짓을 시킨다구 하구있어냐~~완전 (주)예수 에 다녔네,7
아이 시발 뭐야 대구 거주 무슬림은 5천명이지만 아슈라 행사하는 시아파는 80명 뿐인 거 잖아.,7
또 목사냐 지겹다 지겨워 목사들,7
병신 기독교. 지들이 기득권 막장 짓은 다하면서 허구헌날 피해자 코스프레,7
목사의 탈을 쓴 사탄새끼도 못돼. 그저 아가리가 똥통인 뻘짓하는 또라이 광대새끼.,7
뭐가 문제냐개독 물리치료 해준 거 가지고 호들갑은,7
시발 핵심 선수들이 개슬람이노 ㅋㅋ,7
여윽시 개독 먹사,7
전라도 사람들은 착하지만 이슬람 사람은 조심해야함,7
애미뒤진 무슬림은 박멸이 답이다.,7
"말에서 모순이 느껴지지?ㅋ 공식적으로는 치매가 맞으니 저 말을 붙이는데, 목사가 되었다는 말을 제대로 이해를 해서 기뻐했다는건가? 의구심이 드는구만ㅋ 그리고 왜 쓰레기들의 종착역은 항상 계돇교인가 하는 궁금증도 생긴다. 서세원이나 예전 조폭짓하던 조양은이며 80년대 고문기술자로 알려진 이근안 등등ㅋ 역겹네 18ㅋ",7
아무튼 종교가 문제임 ㅋㅋ 나약한 병신들만 믿는 행위임,7
"맥주국게이다. 오늘 파리여행 후 독일로 ICE타고 왔는데, 파리동역에서도 정체불명의 가방이 발견되어서 기차 못탈뻔했다. 15:20분 출발열차였는데 10분전에 경찰 오더니 사람 대피시키고 플랫폼진입막았는데, 시간좀 지나고 표확인하고 들여보내주더라.. 이슬람 개쉥이들.",7
유교나 불교나 개독하곤 좀 다르지;;유교나 불교나 마음수양이나 학문증진이 모토였지개독처럼 유일신 찬양이 모토가아니였음,7
영국성님들 이슬람새끼 조져불든디 존나약해졌노,7
아멘 아멘 잘못해도 아멘 뭘해도 아멘 이런 개막장가튼,7
개슬람 아가리에 홍어 쳐박고싶노,7
이슬람도 이슬람국가로 가고 개독도 개독 국가로 가라.,7
페미들이 절대 이해못할 종교 개슬람...아내를 둘이상 둘수 있데 ...,7
공산당 막으려고 히틀러 데려오는 소리하고있네 ㅋㅋ 수 많은 방법중에 개독이냐 마리아 창녀 해보거라,7
미국여자는 미국에서 살아라 한국인들한테 고함치고 정신분열증 히스테리 영화 찍지 말고,0
리자스민 썅년 지네나라가면 아로요급이겠네ㅋㅋ,0
좃선좆이라 쓰고 쌍 넘이라 읽는다,0
난 중국인들 중 착해진 중국인들이 좋다 ^^,0
ㅋㅋㅋㅋㅋㅋ세금도 안내는 좆거지 똥남아 불법체류자새끼들은 직업보장 복지보장해주면서 자국민한테는 세금 뺑뺑이 돌릴라는 정책 ㅆㅅㅌㅊ 문재인만세!! 이번에 문재인 당선되면 나라꼴 ㅆㅅㅌㅊ ㅋㅋㅋㅋㅋㅋㅋ,0
대한민국에 자랑 다문화를 응원합니다^오^대한민국에 자랑 다문화를 응원합니다^오^대한민국에 자랑 다문화를 응원합니다^오^대한민국에 자랑 다문화를 응원합니다^오^대한민국에 자랑 다문화를 응원합니다^오^대한민국에 자랑 다문화를 응원합니다^오^대한민국에 자랑 다문화를 응원합니다^오^대한민국에 자랑 다문화를 응원합니다^오^대한민국에 자랑 다문화를 응원합니다^오^대한민국에 자랑 다문화를 응원합니다^오^,0
우리나라에 짱깨 좆선족들어오는 기분이네,0
맞는말이긴 하잖아 ㅋㅋㅋㅋ 일본이랑 중국없으면 우리가 뭐 할수있는 산업기반 기술이 있음?ㅋㅋㅋㅋ 철광??씨발 좆같은 바퀴벌래들한테욕을 쳐먹어도 훠거 쳐먹고 양꼬치 쳐먹으러 다니는병신들인데 저런말 당해도 싸지 ㅋㅋㅋㅋ,0
와 진짜 질색이다 !! 너네나라로 가라 !! 여기가 어디라고 와서 이상한 의식을행하냐 ?? 당장꺼져라 !! 썩꺼지거라 !! 너네나라로 당장가라 !!,0
어젠가도 이집트에서 난민 600명 태운배 침몰해서 400명 행불이라는 기사 나오던데동정할 가치가 없는 새끼들인듯,0
누구때매 이렇게 살게 됐는데....자본주의 + 민주주의란 제도가 대한민국에 정착하게된건 행운중의 행운이었다그래서 우리가 지금 이렇게 사는거란 말이다...럼프형이 우리한테 4가지없게해도 은인은 은인이다당장 중국이 역사적으로 우리 적이다통일대한민국을 막은 장본인이란 말이다미국이 우리나라를 식민지화 하려고 했음 벌써 했겠지만 그러지 않았다 인격체로 존중했단 말이다그런데 왜 미국한테 등을 지는거냐겉으로라도 악수해야하는게 역사적으로 최소한의 명분아니냐,0
나라도 똥떵어리만한게 안좋은건 다순위권,0
니들 자원없어 거지새끼들아 기술은 머 하루아침에 만들어지나,0
군대가기 싫어서 튄 것들은 받아선 안 되지 존나 불공평하잖아 저런 놈들을 우리가 군대가서 지켜야하나? 예맨군에 입대한 예맨인들은 군대가고 싶어서 갔나?,0
"고학력 고소득 미국 백인이나 유럽인들 들어오는 다문화면 인정한다 다문화가 아니라 똥남화, 서남화라서 반대",0
북괴 주민 새끼들이 노동을 해서 돈을 받으면 된잖아 등신아ㅋㅋ 저 새끼는 마리가 안 돌아가나,0
천안토박이다 씨발 외노자 냄새좀 안나게 해라,0
나라가 걱정 되면 돌아가서 총을 잡아라 그게 나라 도와주는 일이고 수많은 시리아 여자들을 위하는 일이다 징병제 국가에서 징병 돼봐야 정신차리지,0
쓰레기 대구넘들 ㅎㅎㅎ 홍어에게 맨날 발리기만 하고 ㅋㅋㅋ 대구에 난민은 없지만 몸창들은 넘처난다 ㅋㅋㅋ 대창 막창 먹으면 그냥 주더만 ㅎㅎㅎ,0
막가파 깡패국가!!! 세계 악의축!!! 전쟁과 테러 공포팔이로 무기수출!!! 무기사업가 대변인!!!,0
헐... 얼굴 검은 년이 저런 말 하니까 더 소름끼치네,0
착한 참깨는 죽은 참깨들이다,0
간땡이는 일본x근성이네,0
난 참깨들 중 착해진 참깨들이 좋다,0
뉴스1은 조중동따까리짓히다 이젠 양키 따까리짓중임 ?,0
지들이 한 짓거리도 생각 못하는 ㄹㅇ 치매좆놈들,4
틀딱은 대가리를 돌로 찍어야함,4
포커스가 이마트야? 대구야? 틀 딱이야?,4
그거 인정하노 경전철에 앉아서 휴대폰 하고 있으면 자기 은근 심심하니까 힐끗 옆 사람 폰 쳐다보노 한두 번 참아 주다가 계속 그러니까 나련도 빡쳐서 그냥 고개 휙 돌려서 그 틀딱이 새끼 앵나 노려봤노 그래도 내 눈 쳐다보면서 꿈뻑거리길래 재수없어서 다른 자리로 옮겼노 뻔뻔한 건 즈 애비 닮아서 세계 제일이노 창놈이 종로구 가서 후장이나 팔아라 이기,4
성욕에 빠진 틀딱은 이분이 레전드임짤 확인하면 누군지 알수 있음ㄷㄷㄷ,4
급식이 미래다 ㅇㅂ,4
네이버는 틀딱베충에게 점령당해서 보면 볼수록 노답충들만 열심히 다네 구리다구려ㅋㅋ,4
젤 늙은놈은 인간적으로 나오면 안되는거 아니노?,4
586 딸자식 교육은 개판으로 해서 나라와 청년들한테 크나큰 죄를 지었다고 하면서 좆을 잘라라,4
팩트) 허구한날 일베점령해서 정치글싸는 3040대 틀딱보다 철구가 보수에 훨씬 도움됨!,4
창조주쪽 집이 쌍도였노 명절에 모이면 틀딱이들 시체마냥 누워있노 사람들만 일하노,4
헐 레알 저런배때지 복수찬거같은 틀딱 내옆에앉앗었다 복부먼트 오졋다,4
그래서 부럽다고 어떻다고. 틀피셜 존나 역겹네,4
찾아가서 패죽이고싶노 틀딱충새끼ㅋㅋㅋㅋㅋ,4
틀심 파괴 ㅋㅋㅋ,4
그 틀딱이 6.9 cm로 쪼그라든 것 안 봤으면 그 날 하루 기분 잡쳤을 텐데,4
아 ㅆ발 틀딱체진짜존나웃기네 ㅅㅂ ㅋㅋ,4
진짜 틀딱새끼들 칼로배때지존나쑤시고싶네 개꼴배기싫노,4
분명 정게하는 틀딱일듯,4
우리동네 틀딱들은 괜찮던데 가끔 아이스크림도 사줬었던 기억나노,4
틀/딱/들/베/충/이들 좀 더 열심히 일해라 알바비 그냥 먹으면 안되지 열심히 일하고 청구해~~~ 광주를 모욕하는자 똑같이 당하게 해라,4
하루종일 일베 박근혜 김대중 전라도 홍어만 중얼거리는걸 보다못한 아들에 의해 고려장당했을 가능성이 크다고 본다 이기...,4
저건 걍 일본식단인데 김치 있다는거 빼고는 급식충들 생선 잘 안쳐먹는데,4
"한국에서도 틀딱들은 저런새끼들 많음 내 자리라고 하니까 ""자리도 많구만 뭘"" 하면서 개지랄 염병을 떠는게 한두번이 아니야",4
틀니가 왈드닥다가닥하십니까 어르신?,4
존나똑똑한데 중딩새끼가,4
쉰내저장소 수준 ㅋㅋㅋㅋㅋㅋㅋㅋㅋㅋㅋ,4
서현 저런 미개한 틀딱놈들이랑 일하느라 수고많았노ㅛㅛ,4
개병대 틀딱아재들 꼭 쌍용차만 뽑아타더라,4
병신력으로 뜬 사이트인데 그 병신력까지 빼앗기면 이젠 틀딱들밖에 남지 않자나ㅜ,4
틀니에서 침 질질새겠다 마 살살해 ㅇㅂ,4
"걍 50대부터는 정치, 사회 중요 영역에서 노인네들 숙청하고 2030이 실세상병, 40 물병장 이래 운영해야됨",4
급식충이야 무시해 ㅇㅂ.,4
"임종,,,,틀딱다리들 보면 성욕이,,",4
웅앵웅앵.. 저 틀딱새끼 몽정하^노^,4
지한테 재밌는 신조어면 욕해도 안잡힐줄 알았나? 나이를 요도로 쳐드셨노,4
틀딱은 아가리로 애국하고 전라도는 행동으로 애국한다,4
뇌가 자지에 달렸거나 대가리가 마우스에 매달려있는 급식 학식들 다 걸려서 꼭 뒈지길 바란다,4
조선은 위생개념 자체가 없음 특히 나이가 40이상은 존나 더러움80년생 이하는 그냥 존나 더럽고 위생관념이 아예없다고 생각해라,4
맞다이기야 ㅋㅋㅋ 급식충 틀딱충은 다 나가뒤져야한다 이기야 ㅋㅋㅋ 홍어홍어 운지운지 보수보수 진보진보 우파우파 좌파좌파 땅크땅크 이야 기분좋다 이기야 !!!,4
"미친ㅋㅋㅋ 여성이 사회적 약자라고? 자본주의 사회에서 돈없는 사람이 약자지 여자가 약자냐? 박근혜, 이부진이 약자야? 대한민국은 돈없으면 약자다 이 바보야",5
저년 남자한테 공사치다 걸려서 퇴출당함,5
망혼만은 하지마라 제발,5
권리는 사회적 평등을 의무는 생물학적 배려를 쌍년들,5
왜 이 링크 들이밀면서 메갈은 사실 남자들이라구요 여자는 안그래요 빼애애액 하려고? 속이려면 급식충이나 속이고 ㅁㅈㅎ나 쳐먹어라 이 쌍년아,5
여성단체는 여성의편이아니에요 민주당 편이지,5
젎은여자가 당하면 신고도 해주지마라n 귀찮아집니다~~~경찰서에서도 전화오구~~n어차피 여자들은 고마워도 안할테니~~n당하던말던 관심끕시다,5
십만년 이상 생존을 위해 각인된 유전자가 있는데 갑자기 여자가 나서는게 합리적일수가없음 애초에 여자는 애낳는것 말고는 모든게 남성보다 못할수밖에없다.. 이런 생활을 수만년 더하면 모를까 현재로선 남자가 모든면에서 우수한건 어쩔수 없다,5
세상엔 미친년들이 왜 이렇게 많은걸까? 저 글을 쓰는 동안 무슨 생각을 했을까?,5
한국에 페미는 지덜 더 누리고 저 편하자고 하는 민페미임,5
여자들의 공감능력이라는게 사실 집단의지같은거라 한명이 당하면 다같이 우리는 위험하다! 이럼ㅋ 예전에 정글의법칙인가? 어떤 프로에서 여자가 한명 우니까 다른 여자들도 따라 우는게 여자들.,5
패미들이랑 좀비들이랑 다를게 뭐가있음??,5
창녀를 돈주고 사먹으면 장기적출하고 개이득 챙기면 되겠네,5
ㅇㄱㅆㄹㅇ 커뮤도뭐고 아무것도안하는 년도 지알아서 각성하던데 ㅋㅋ아직도 흉자인건 진심 안하는거노 ㅇㅇ,5
여성학자들은 사회의 암적인 존재다,5
페미니즘 너무 싫다. 여성주의자들 다 죽어,5
"혜화역에서 보고 들은 모든 걸 기사에 옮겨 쓸 수는 없었다. ‘있는 그대로’의 이야기가 기사로 나갔을 때, 자칫 혜화역 시위의 취지가 훼손되거나 더 나아가 미투 운동에 대한 정치적 공격이 더 강화될지도 모른다는 걱정이 들었다.nㅋㅋㅋㅋㅋㅋㅋㅋ 이것 보소 ㅋㅋㅋ 현 20대 한녀는 니네가 키운거잖아 뒤처리도 니네가해 사회에 떠넘기지 말고",5
성 격차는 보지들이 일을 안하려고 해서 그런거 아녀?,5
이쁜애들은 페미 안하는게 팩트네,5
페미니스트들은 다들 이상해,5
50퍼 같은 소리하네ㅋㅋㅋㅋㅋ이해부족 ㅇㅈㄹ할때부터 기레기가 그 성별 일거 같더라ㅋㅋㅋㅋㅋㅂㅅㄴ,5
김치년들의 모든짤다음에 저 짤이 쓰일 수 있다는게 놀랍다,5
페미니즘 한 다는 애들 중 정상을 못 봤음,5
20대여자 창녀 속물 거지근성,5
정의당 : 비동의강간죄 발의 선두에 선 꽃뱀한녀당,5
ㅋㅋㅋㅋㅋㅋㅋ미친년,5
또라이년들은 저기서 남자여자 바꿔 놓길 원하지만 현실은 상상만 해도 븅신같다 ㅋㅋㅋㅋㅋ,5
페미충이 제일 불쌍해 n얼마나 남자한테 무시 당하고 까였으면 ㅠㅜn지들도 남자한테 관심 받고 사랑 받고 싶은데 n불가능하니까 ㅠㅜ n힘내 페미충들아 ㅋㅋㅋㅋㅋㅋㅋ,5
"왤케 작노 ㅋㅋㅋㅋ 좀 꼴리게 한다음 찍던지 하지,..메갈련들이 보고 또 6.9 하것네 ㅋ",5
불쌍하지만너도 앞으로 머한민국에서무사히 살아 남으려면하루(라도) 빨리보빨하고 좌빨하는인생으로 묵묵히 사는 연습해라아니면 돈 모아서 보트사서 보트피플 연습하더니,5
애초부터 사탄숭배랑 페미니즘은 같은 노선이었음,5
"진정한 남녀평등은 여성자신이 매우 불리하다고 생각하는 것도 기계적으로 남녀 5:5 로 하는게 진정한 평등이라고 본다. 자기들 혜택받는 건 그냥 넘어가고 조금만 힘들고 불리하면 여자니까, 여자한테, 여자라서 이런 개소리나 안했으면 한다.",5
병신 한녀를믿냐 텔새 몇번당한이후로 절대 원잇 바로는 안함 ㅇㅇ,5
남녀는 평등하면안됨 계집들이 깔려야지 이슬람처럼,5
저런걸 아닥하고 외면하는 년들이 페미라고? ㅋㅋㅋ걸스 캔두 애니띵이라더니가방 살 돈 없어서 남자에게 얻어쓰냐 ㅋㅋ병신년들 나가 죽어버리는게 맞는듯,5
와 진짜 보지가 벼슬이다,5
외국은 페미들 다 이미지 걸래된지 오랜데 한국페미충들은 그게 부러운거죠 어차피 조까튼 인생 너도나도 조져보자 라는건지,5
여성은 열등한 주제에 페미사상을 내세우며 차이를 남성의 힘으로 메꾸려 한다. 그런데 '부탁' 하는거라면 좀 더 '공손' 한 태도를 가져야 하지 않나,5
억지 부리는게 아주 김치년 판박이네,5
애들 좋아해서 짓궂고 개구쟁이 같은 애들도 보고 있으면 뭔가 정화되고 기분 좋은데맘충들 창궐한 후론 맘충 밑에서 자랐을 생각하니 애들도 혐오스러움,5
결론은 노메이크업.노브라.귀두컷.페미.워마드.메갈. 이분들만 피하라는 말이네요..,5
초반에 페미니즘이 양성평등이라고 알려졌는데 실상은 여성우월주의였고 현재는 대놓고 여성우월주의사상 보여주고 있어요.,5
년들은 3명에 1표로 해야 할 듯,5
기브미다머니!! 패미같이 생긴 오징어가 건수 하나 잡았네 한 몫 단단히 챙길 심산이가 보네 ㅋㅋㅋㅋ,5
젤 나이차이 많은년 따먹은게 몇살차이에요?,5
징징거리는 년들은 이런 하이힐을 잘때도 신게 해야함,5
멍청한 년이랑 결혼하면 인생 ㅈ되는 이유,5
폐미를 싸게 막았네. 승진감이다,5
20대녀는 생존에 대한 절박함이 없슴왜? 보빨남만 잘만나면 되니까20대남은 생존에 대한 절박감을 피부로 느끼는데찍어놓고 보니 좌파정부에 배신감느낌모든게 경제적인이유로 귀착함좌파10년--성장동력 50%상실함,5
어차피 헤어짐 ㅋㅋ그럴꺼면 싸고 좋은년,5
요새 성별은 남성 여성 페미 3가지인듯,5
이준석이 박쥐같아서 별로긴한대 페미관련분야에서는 여포질 쌉가능함여태 패미관련토론하면서 이준석이 밀리는거 한번도못봄 오히려 상대 페미씹창년들이 개털리지,5
ㅋㅋ이러니 한녀는 뽑으면안되. 조직보다 개인이 우선이고 생리휴가로 남자들보다 적게일하면서 돈은똑같이받으려하고 힘들고 더럽고 어려운건 안하려하며 당직 출장은 절대안하려하고 좀만 혼내면 질질짜거나 여자라서당햇다그러고ㅋㅋㅋㅋㅋ,5
망혼은 가부장제를 돌아가게 하는 가장 강력한 원동력이노. 모든 보지가 비혼비혐애비섹스비출산을 한다면 가부장제가 단번에 무너질거다 이니.,5
ㄴㄴ 보지들이 성매매 반대하는이유는 이미 팔고있기때문임 오피지원경쟁률 ㅆㅅㅌㅊ인 상황에서 성매매 합법화까지 해봐라 더더욱 경쟁률 올라가서 밥그릇 줄까봐 반대하는거임,5
병신년들은 뒤져도 싸 ㅋㅋ,5
응 그 밥줄 당신같은 광신도 페미니스트들 외 다른 이들(평범한 남녀)에겐 썩은 밧줄에 불과한거야~~,5
ㅈㄹ하네 저런상황이면 내려서 차문열고 뭐하냐 씹쌍년아? 이말부터 나오는게정상임,5
저씨발맘충들 교육안시키나 어휴,5
솔직히 그냥 계속 그대로 해줬으면 좋겠는데... 티내면서 남자혐오하고 탈코하고 이상한말쓰면 자연스럽게 피할수 있어서 좋은데...,5
어휴 여성부 ㅉㅉ,5
서울 보지들은 쌍도 사투리 좋아하드라ㅎㅎ카톡도 사투리 써서 해주니까보픈업~/!!,5
스타워즈 스타트렉 닥터후... 담엔 여자 007나오려나?아주 재앙이 끊이질 않노에혀 예전시리즈들 복습이나 해야지,5
와 여자민심이 저정도수준이면 이제 창녀는 공개직업각이네?? ㅅㅂ 온 여자가 창녀집단이네 ㄹㅇ 돈도 쉽게벌고 ㅅㅂ이네 완전,5
이렇게 노력해서 커버쳐도 이대녀는 절반이상이 정신질환자인거 감싸주지못해 허튼개수작 집어치워라ㅋㅋㅋㅋㅋㅋㅋㅋㅋㅋ,5
누구나 시댁과 친정이 있는법. 시월드 시월드하는데 다 여자들 입에서 비롯된것임. 내가 당하면 시월드고 내가 행하면 당연한거고. 항상 내로남불이죠. 역지사지 하시길.....,5
암베들 많이 왔노?,5
와 개띵문이노 생각지도 못해봤다이기 좆돌빠는 문화에서 표면적인 것들 말고 뭔가가 역겨웠는데 흉자놈들 ㄱㅆㅎㅌㅊ 태도였노,5
김여사 운전하나보네 ㅋㅋㅋㅋㅋ,5
남녀 구분 안하는게 성차별이라고 해서 바꿔줬더니 구분 하는게 성차별이라고 해서 다시 바꿈ㅋㅋㅋㅋㅋ 이게 페미의 현주소 ㅋㅋㅋㅋㅋㅋ,5
ㄴ유혹하기전엔 뭐라도 하는 시늉은 했던놈이노. 하지만 망혼을 하는순간 어떻게 돌변할지는 모르는 일이노.,5
쿠폰에 도장찍어가면서 커피 마실돈은 있어도자신을 보호할 호신용 제품 하나 살 돈 없당께 ㅋㅋㅋ,5
에이즈치료에 매년800억원? 게다가 외국인 에이즈감염비율이20%? 입국시 에이즈감염여부 확인안한다고요? 이건 코로나보다 더 적극저으로 국내에 에이즈를 전파하겠다는거자나요..미쳤나봐..외국인까지 무상으로 에이즈치료해주고..국가유공자보다 더한 대우를 받는 에이즈감염원인 동성애자들한테 이렇게까지 해야되는 이유가 뭔가요? 정부에서 대답좀 해봐요!,5
강제로 끌려가는 징집군머 가서도 항상 똥꼬 조심해야겠는걸ㅋ,5
트젠남들 가만 보면 개웃김 .. 아니 양심적으로 거시기는 좀 떼고 여자라고 우기던가 ..,5
동성애 뚜까 패는거 보고기독교에 대해 긍정적으로 생각하게 되었다요즘 옛날처럼 거리에서 영업하는 사이비도 많이 안 보이고종교는 사이비 아니면 존중해야 한다고 생각함,5
그래봐야 똥꼬축제,5
기독교 파워가 만만치 않은데 꼴랑 호모 새끼들 표 몇개 더 얻어 볼려고 저걸 하게 해준다는게 참 어리석은거 같다.,5
에이즈 검사를 일단 김영세씨는 받으시길 강추합니다. 국정감사에서 나왔듯이 동성애자들이 에이즈에 많이 걸리죠.,5
똥꼬충들 하루에 화장실 10~20번 간다지 않노? 짐승같은 것들이노 똥을 얼마나 낳는거노 육똥도 안하고 물내려버리다니 부성애도 없는 잔인한 것들이노,5
기독교인만 반대??!! 제정신이면 동성애가 성도착증이고 변태가 더 많은 거 다 안다!,5
(정의당 의원들이 다 그런진 모르겠지만) 정의당은 동성애를 옹호하고 추행죄인 군형법92조6을 폐지할려고 난리를 치는 나라 망칠려고 작정한 당입니다!! 가뜩이나 동성애 = 에이즈가 주된 감염경로인데 동성애를 왜 자꾸 옹호하며 권장하십니까?,5
이렇게 질척일수록 트젠에 대한 편견이 견고해져 가는중,5
동성끼리 교접하는게 자랑이냐 ? 작대기로 후려 패야 될 개돼지 만도 못한것들 ~~~ .똥개들도 암컷끼리 숫컷끼리 교접하지 않는다. 음탕한것들 ~~~,5
성소수자보호가 아니라 차별금지면 충분하다. 보호해야할 대상은 아니다.,5
저 목사 조만간 게이바에 끌려가겠노 동성애클럽 건들이면 신세계 보여준다고 잡아가서 똑같이 게이로 만든다는데,5
동성애의 실태를 정확히 알아야합니다n나랑은 상관없는일이라고 간과하지 않으시길 바랍니다.n동성애는 각종 성병과 에이즈를 유발시키며n이것이 합법화가 된다면 내 자녀 내 형제 자매가 될수있습니다.n이세대와 다음세대들이 이끌어갈 이나라가 결코 성죽독인 나라가 되어서는 안됩니다.,5
"성전환수술 후 남성으로 군생활하면, 같이 숙소나 목욕탕 사용하는 남성들이 자기들을 이성의 관점에서 볼거같으니 찝찝하고, 그렇다고 여군으로 군생활하기에는 다른 여군들은 남자랑 목욕탕, 룸 사용하는건데 어떻게 군생활을하나?!",5
"나라가 망할려니 꼴뚜기들 흥분하고 게잡질 하는구나~동성끼리 사랑이 정상이냐? 모두 잡아서 무인도로 보내라, 아이들 걱정된다~정치가 변태니 애쉐끼들도 변태...",5
나도 기독교인이고 동성애도 혐오하지만 황교활 과 민갱욱 쓰레기ᆞ 자유한국당 너무 극혐 이다,5
내가 살다가.. 똥꼬충을 응원하게 되다니..,5
차별금지법이라구요? 성소수자 특혜법이지요? 잘못된것을 잘못됐다고 말도 못하게 하는 인권유린법이지요? 발의한 당신들은 자녀도 손주들도 없습니까? 이것이 진정 국가와 국민을 위한일 입니까? 당장 폐기하십시요!,5
갓갓 참교육자네 존경한다 ㅋㅋㅋㅋ 아 진짜 똥꼬충 새끼들은 저렇게 괴롭혀야 되는데 ㅋㅋ,5
B대위가 나쁜의도로 괴롭히려고 한것같지는 않은데 성소수자라고 과잉보호를 하시네 그놈의 인권위가,5
진짜 왠만한초딩아니면 남자새낀거 다 티나는데 역겨워디지것다 수염나가지고 여장 ㅆㅍ죽이고싶네,5
코로나 에이즈 천국,5
똥냐들 후장 떨리노,5
뭉가야 아프리카도 자국민 에이즈로 죽인다고 UN돈 안받고 동성애 안받아드렸다. 촛불든다고 돈 받은거 갚는거냐? 생명 맘대로 죽이는 UN탈퇴해라 존말할때!!! 인권위도 결국 UN에서 하는거잖냐. 오바마게이시키때문에 전세계가 동성애로 힘드네,5
씨디충새끼들도 있고 새벽에 호모 누드 달리는새끼도있고,5
안철수대표의 말은 틀리지 않다. 오히려 동성애반대는 소수자 차별이 아니다.,5
트젠바 나 가서 오빠야들 끼고 술접대 나 해라 넌 갈길이 이곳뿐이다,5
"피해를 입은 학생이 성적정체성의 문제를 가지고 있는 성소수자인지 아니면 성적취향에 따른 성소수자인지 알고 싶네요. 전자의 경우라면 인권의 문제라고 생각합니다. 그러나 동성에 대한 성적취향의 문제라면 합당한 결과라고 생각합니다. 성소자들 가운데 성적정체성과는 상관 없이 동성, 유아, 시신과 같은 특정 대상이나 또는 자동차나 오토바이와 같은 특정 사물에 대한 성적취향을 가지고 있는 사람들이 있습니다. 이들을 인정하고 보호해야 할까요?",5
마포구 주민들 개불쌍ㅋㅋㅋㅋㅋㅋㅋㅋ똥꼬충들이 바글바글,5
센조이 ㅠㅠ 동성간성행위로 본인들도 힘들고 주변사람들에게도 피해를 주는 이러한 행위를 지지하는 사람들은 이러한 사실을 알고나 있는지... 영혼육이 파괴되는 동성간성행위에서 벗어나도록 돕지 못할망정 부츠기고 지지하는건 살인행위에 가깝다.,5
요새 동성애가 성행하는거같더라 문재인은 ㄹㅇ간첩새끼아닌가싶다,5
피스팅... 정말 끔찍하고 처참하네요~~ 저런 것까지 감수할정도라면 남성간성관계는 중독임이 확실하네요!! 중독은 치료받아야하는 병입니다!! 탈동성애할 수 있습니다!! 돌아오세요!!!,5
현재도 극진한 대접을 받고 있는 동성애자들입니다. 코로나 이태원 동성애자들에게 정부나 언론등으로부터 얼마나 극진한 대접을 받았는지요 동성애가 가정과 사회의 근간을 망가지게 한다는 결론이 났는데도 말입니다.,5
니똥꼬 내꺼 내똥꼬 니꺼 시바라 더러워 디지긋다,5
환자 키운다는 것의 기준이 명확해지면 동성애는 읍어질듯,5
23세 지는 성소수자로 빠쪘다고 합법하 하자고 미친x 새끼 차라리 자식 손가락 잘라서라도 안보낸다 더러운 세상 ..,5
앵앵소리가 여기까지 나노 가서 바텀형냐짓하다가 게이즈로 사망해라 이기야,5
"똥꼬충, 쌍구멍이 합법화되는 미래의 일들",5
동성애가 축제할 일이냐? 세상이 말세니까 서울한복판에서 음란축제를 하고 있는것이다,5
띵문.. 트젠은 정신병이노 ㄹㅇ,5
난 이성애자. 동성애는 내 취향아님. 홍어삭힌거 싫어하듯 싫어함. 그러나 그거 먹는 사람을 욕하거나 싫어하지는 않음. 예수님은 동성애 언급하신적 없음. 서신서와 복음서의 권위는 다르지 않음?,5
나도 동성애싫은데,5
동성애가 자랑이냐? 😐 징그러워... 창피한줄 알아야지..,5
레즈는 참사랑꾼 게이는 똥꼬충 이라 부르면 딱이노,5
"""태어나지 않았다면 죽을 일도 없었다."" ←응 성소수자 논리 수준",5
길에서 뽀뽀를하든 문어놀이를하든.. n돌을던지지는 않겠소만n시내한복판에서 니덜 벗고 노는식로 홍보는 하지말자 이거지.n기본 매너도 없는 욕정주의 같아,5
무현이 똥꼬충이었노,5
성소수자를 위해 대다수의 생각이 무시되는 나라n성소수자를 차별하고 대우 하는 나라n어마한 에이스치료비를 대주면서 더 병에 걸리라고 옹호하는 나라n저는 정말 자식이 이런걸 볼까 두려운데 아이랑 축제로 함께 한다니n요즘은 상식과 정상 그릇된것을 그릇되었다하면 차별받는 나라가 된것같습니다n동성애는 자랑이 아닌것 같습니다,5
ㅇㄱㄱㅆㄹㅇ 게이들 상상이상으로 단결해서 레즈들 머리채잡고 어떻게든 지네 밑으로 끌어내리려고함,5
당연하지 동물이 동성애가 있던?,5
퀴어도 정신질환 종류 아닌감,5
으..진짜 민폐주는게 한두개가 아니네 퀴어충들,5
러시아산 물리치료사한테 치료받으면 싹 다 나음,5
동성애의 결과로 나타나는 질병에 대해 제발 숨기지 않기를 ㅠㅠ 진짜 국민을 위한다면,5
키야 우리부모님 뼈빠지게 돈벌고 게이새키치료비를 쳐줘야되노? 여성전용시설들은 여성이내고 게이치료예산은 게이들이내게해라 ㅅㅂ세금폭탄돌리지말고,5
게이새끼들 뭐 하는건 내 알바 아닌데밖으로 기어나오는게 매우 빡친다,5
동성애 막는 법이 어디 있냐? 근데 차별금지법이 왜 필요해? 할 놈은 하고 싶은대로해라. 안 말려 근대 왜 하기 싫은 사람은 싫다는 표현도 못하게 해. 이게 법이야?,5
우리나라는 성소수자에 대해 환영하면 절때 않된다,5
개인의 선택이지만 이런 소식들이 청소년들에게 미칠 파장이 걱정됩니다nn트렌스젠더와 동성애를 자연스럽게 받아들이는 문화로 흘러갑니다nn청소년 에이즈가 급증하고 있는데도 불구하고 정부는 수수방관입니다 n항문성관계를 통해서 수많은 항문질환과 에이즈가 생겨납니다 n이건 사실이며 교육해야 합니다,5
내가 동성애자면 창피해서 떳떳하지 못할텐테 이젠 대놓고 퀴어축제까지 하고 대기업에서 퀴어응원까지 하다니 정말 말세입니다.ㅠn카스는 마시지 않는걸롱~~~ㅠ,5
시발 똥꼬충 새끼들지들 인정해달라고 알리는 축제에서 저 지랄인거 보니본성이 그대로 드러나내. 이성애자랑 같긴 시발.합법된다고 해도 이성애자같이는 못 된다 씨바것,5
저게 아마 자극적인 타블로이드지에서는 후장도 땄다고 나왔었는데 ㅋㅋㅋ,5
애들보기에 안 좋은데저건 직접적으로 행위 표현하는 거잖아진짜 게이새끼들은 지만 좋으면 그만인 똘빡새끼들만 있는듯,5
동성애자는 보호받아야할 성소수자가 아니다!!,5
"같은 성소수자(동성,소아,수간,인형)들끼리 서로 싫어하는게 더 노어이 흡연자들이 흡연자부스에서 다른사람 담배냄새 싫어하는거 보다 더 이기적임",5
탈동성애를 하고자 하여도 못하게 길을 막아버리는 나쁜 사람들.,5
상식적으로 처음 부사관 뽑았을때 남성부사관을 뽑은건데 자신이 성별을 군의 동의없이 바꿨으면 당연히 문제 되는거 아닌가? 성평등 차원으로 끌고갈 필요도 없이 예컨데 어떤 남성제소자가 특박 가서 성전환했는데 자신은 그대로 남성형무소에 있고 싶다고 하면 받아줄 수 있나? 그렇다고 여성형무소 보내기도 애매할 것이고... 골치아픈 짓을 한것이다 저 사람은...그런 혼라을 야기시킨 책임은 져야지 자신의 행동만 정당하고 억울하다고 주장하는건 너무 이기적인것 같다,5
호모들이 재수없는건 어쩔수없는 사실이다 숫놈이 숫놈하고 암놈이 암놈하고 붙어살거면 왜 이성을 만들었겠냐고? 아무리 n세상이 바뀌고 인권이 신장돼서 오만가지 개법이 나무해도 이런홈들이 법적으로 보호돼고 권장돼는 세상은 더러운 말세의n현상이라고밖에 표현할 방법이없다 너희들 말대로면 앞으로는n 성별구분도 할 필요가없고 그냥 짬뽕으로 처 살면되겠네 더러운것들아,5
막심 선생님께 끌고 가면 다시는 이상한 축제 안 참여 할 것,5
트렌스젠더는 정신병이다 ㄹㅇ 나 트랜스빌게이츠니까 돈 내놔라 하면 뭐라하겠냐ㅋㅋㅋ,5
남자들의사랑은 우정이다.nn우정을 핑계삼아 항문성교는 절대 용납되서는 안된다nn그로인한 죄와벌이 너무나 크고 힘들것이 당연하기때문이다.nn동성애의 마지막이 어떻게 되는지 똑똑히 알아보자.n비극과 고통과 상처뿐....,5
할거면 저렇게 조신하게 해야지 어휴 시발 발정난 한국 게이세끼들 ㅋㅋ,5
씨발아저씨를 동성애자소굴에 보내야하지않냐,5
와 이씨발... 아무리 똥별이하 군바리 새끼들 비리가 개 좆같아도 저런 미필 똥꼬충 새끼가 군개혁 이지랄 하는게 말이나 되냐??????? 장병출신도 아니고 군대도 안가본 좆병신 호모 똥꼬충 에이즈 보균자 개새끼가 뭐하자는거냐??? ㅋㅋㅋㅋㅋㅋ 군개혁은 군필한테 맞기고 가서 홍석천 좆이나 빨아라 호모새끼야~ 군개혁은 군생활 빡시게 하고 똥별 행보관등 직업군바리 새끼들 비리 직접경험한 병장 군출신이 하는게 당연한거다 씨발 ㅋㅋㅋㅋㅋ,5
똥꼬충이 원인 ㅇㅊ,5
인권은 다른 사람의 인권을 침해하지 않고 조화를 이루어야 하는데 성전환자 0.1%가 99.9% 정상적인 남성과 여성들의 인권을 침해하고 위협하고 있다. 그래서 인권이라는 가면에 숨어 자신들의 욕구를 채우려는 치밀하고 이기적인 생각을 품은 일부 성전환자들의 이중성이 싫다.,5
똥꼬충이 쪽팔리는줄은 아나봐? 자수해서 광명찾아라 변태성욕자들아,5
퀴어축제 서울 시민 대부분 반대한다,5
똥꼬에 힘주고있노 ㅋㅋㅋㅋ새노?,5
"성소수자라고 단어 개념 물타기 금지. 그냥 그대로 레지비언, 게이라고 표현하는게 좋다. 너네 말대로 부끄러운게 아닌데 왜 자꾸 용어를 만들어서 물타기를 하는가? 그냥 떳떳하게 그대로 표현해.",5
동성애는 에이즈원인!!!!!99.9%%%맞음!!!,5
똥꼬충 좆나 극혐이다턱주가리 쌔게 한대 날리고 싶다,5
총신대를 위해 흘리는 많은 성도들의 기도와눈물을 주님을 다 보고 들으십니다! 살아계신하나님은 지금도 참으시며 총신대가 다시 거룩하여지길 기회주십니다!주님의 시간을 인간의 잣대로 쟤지마십시오! 주님은 공의의 하나님이십니다! 다시 회복되어지길! 이상원교수님을 필두로 총신대 동성애 세력들을 싹 정리하고 자정되는 기회가되길 기도합니다! 주님은 우리의 기도를 들으십니다! 너무 늦지마십시오! 어서 돌아오길 어서 회개하길!!,5
"성소수자 차별,반대한다는 사람이 불이익당하면 이성애자에 대한 역차별 아니냐ㅋ",5
에이즈 배양기들의 배양권리 주장,5
성전환수술함 근육량감소 수술도 골격수술도 같이 사는건아니쟌아요n 그럼 여군들이 체력적으로도 경재에서 숀해를보느건데n생식기는 바껴도 골격 근육량은 여전히 남자일톈데 형평성 어긋난거 아님? 전역하시죠,5
"아 정말 끔찍한 일입니다. 수간에, 소아성애에, 인권이란 이름으로 성중독을 합리화하는 것은 우리 자신을 망가뜨리는 것입니다",5
동성애는 반대함,5
애미 뒤진 게이새끼들은 앞뒤가 쳐안맞는 개호로 씨발 개 좆같은 새끼들임 아니 씨발 혐오하지 말라면서 빤스입고 존나게 쳐지랄해댐 ㄹㅇ 골방에 쳐 있으면 몰라 꼭 이불밖으로 쳐나와서 변태성향 다 쳐보여주고 못볼꼴 보여주고 혐오하지말래 ㅋㅋㅋㅋㅋ 진짜 개븅신 다 뒤질새끼들,5
뭔 성소수자여.. 정신병자지...,5
"왜 관람객의 대부분인 일반인들에게 호소,어필하거나 보라고 하는 행사일텐데 플라토닉이 아니라에로스에 포커스를 맞추는거지 그것도 변태 가학적 에로스라니..저래놓고 피켓은 동성애는 불법이 아니다 어쩌고 써놓고행사 주최자가 머리가 나쁜가? 이해가 안간다",5
"동성애는 한 개인의 윤리적인 문제가 아닌 사회의 가장 큰 테두리...국가의 존재여부에도 영향을 미치는 것이 위의 소돔과 고모라의 얘기를 통해서 알려주셔서 감사합니다. 동성애가 자연적인 사랑의 한 형태로 잘못 알고 그것에 빠져들어 몸과 마음이 병들어 무너지는 사람들이 없게, 동성애가 정신적 질병임을 계속 알려주시고 힘내세요!. 감사합니다.",5
생활하는데 괜찬거나 젠더에 대해 열린생각을 가지고 있다는건 일부분의 의견이지 전체의 의견은 아니라생각한다n조직생활의 입장에서 생각해야 하고 이미입대해서 훈련받는 여군들의 입장으로서도 성전환자는 허용해서는 안된다n더군다니 자신의 개인적인 견해로 복무중 성전환수술을 하고 개인적인 견해로 여군으로 복무한다는것은 나라를 지키는 군인으로서 가질수 없는 생각이라 생각한다n여군으로 복무허용해서는 안된다,5
동성애 찬성하는 애들중에 니들 형제나 자식이 동성애자라면 응원해줄텐가?ㅋ,5
솔직히 똥꼬충 차별하지 말라는 새끼들은 똥꼬충 혐오자도 차별하면 안되는거 아니냐,5
ㅋㅋㅋㅋㅋㅋ내앞지나가주지 후장부터 척추까지 개통해줄수있다노이기 ㅜㅜ,5
"동성애자 에이즈걸리면 한달에 6~ 8백만 국민세금,,, 일생 주면서 그들을 위하는척 하는 사람들에게 한마디 묻고 싶습니다.n당신 자손 중 자자손손 동성애자 끊이지 않고 에이즈환자 가득하길 정말 원합니까?",5
동성애자들이 하는것은 자기표현이라면 반대목소리도 자기표현은자유다,5
에이즈의 창시자 똥꼬충,5
나도 민주당 지지자지만 동성애는 절대 반대한다.. 만약 동성애를 합법으로 안정한다면 40년가의 지지를 진지하게 고려해볼거다,5
병신 똥꼬충을 찬성하는 사람이 많겠냐 좆같아하는ㄴ사람이 많겠냐 어휴,5
와꾸가 ㅅㅌㅊ인데 레즈가 되는 것도 이상한 일임,5
나련은 과거에 젠신이었다 익이야 나련 웜하고 뇌세포 증가한 쀼젤ㅋㅋㅋ 정상으로 돌아왔뿟노! 퍄퍄,5
인권위 성적지향 삭제 되어야 합니다. n동성애 보호법으로 잘못 사용되는 악법입니다.,5
"분명 정신 질환인데, 사회적 분위기가 애매하게 돌아가면서 보호해주기 시작하니깐 너도나도 혹시 나도 그런 성향이 있나? 의심하다가 기분 울적하고 심란하니깐 난 원래 남잔데 여자로 사니깐 우울한가봐... 그러다 확증편향되어 무너지는거임. 기분좀 꿀꿀하다고 성정체성 혼란올때까지 두지말고 상담을 받아봐",5
퀴어축제 옹호하는놈들 특징1.감성팔이에 휘둘리는 유리멘탈들2.나는 개방적이라는 착각에 빠져있는 자칭 깨시민&일뽕들3.왠지 동성애 지지하면 있어보여서 제대로 된 자기 입장도 없이 무작정 지지하는놈들,5
으 시발 냄새날것같은데 문신하기전에 센조이하고 똥꼬주름 깨끗하게 닦았겠지? 으 조팔 비위상하노,5
양성애자는 정신병이고 태생적 트젠은 생산시점에 투입재료의 부적합으로 결함이 생긴 제품이다,5
한부모가족도 아닌 동성가족은 진짜 좀 아니지않나n세상이 바뀐다한들 해서는 안될짓이있다,5
동성애를 여기다 은근슬쩍 집어넣어놨네 그것땜에 별로 공감이 안됨,5
여전히 앱충은 투명하지요 좆팔,5
자아의 개념을 바꾸는 인류의 혁명이 일어난다는 내용이노. 진보씹치들 까는 내용도 있는데 흥미롭다 이기야.,5
강간까지 온갖 개짓 + 보지 피 빨아먹는 기생충 새끼들이 엄살은 ㅋㅋㅋㅋ,5
됐고 남성성 재기해서 그렇노 실좆들ㅋㄱ ㅋ,5
드럽게 못생긴 루저 한남들이ㅡ생존위기로 발작하는 꼬라지 개꿀잼,5
패애비니스트다이기야^느^,5
남자구실 하는게 하나도 없네,5
좆미개... 앱충버리고 짐싸고나와라.. 혼자늙어뒤지라고해라좆팔,5
ㄴ ㄹㅇ 뒤져도 냄저살충 30마리는 하고 뒤지자 사쿠라 뚱보들아 웜련 하나당 할당 벌레는 최소 30이노 어떻노?,5
찝찝은 똥 끊을 때 드는 기분이노 나련 앱충도 고독사 했는데 그날 바로 피자파티했다이기야 ㅋㅋㅋ 그 날 이후로 어쩐지 일이 잘 풀리는 것이 피자를 먹어서 그런 것 같노 너련도 아침에 피자먹어라 이기,5
저거 오래 못간다. 자연의 섭리상 수컷은 강함이 곧 매력인데 저런 꼬라지 보여서야 오래 가겠냐,5
중간에는 한남와꾸 올리다가 시력 재기해서 잘못 올렸노? 여튼 햇님 큰그림이시노. 한남창놈들 다 중동가서 채찍맛을 봐야한다익이.,5
명품 좋아하고말고를 떠나서 일본사람들은 한국남자 자체를 극도로 혐오하노. 근데 파오후여드름안경충들이 일본여자들 개념녀 취급하면서 쿰척거리니까 그사람들 입장에선 진짜 빡치지ㅋㅋㅋㅋ,5
일본인한테 한남좆병신인거 알릴때 자료로 써야겠노,5
저정도면 여자도 지능장애,3
ㅁㅈㅎ 봐봐....갓상도의 위엄,3
농구 ㄵ ㅁㅈㅎ 노관심 ㅁㅈㅎ 농구 ㄵ ㅁㅈㅎ 노관심 ㅁㅈㅎ 농구 ㄵ ㅁㅈㅎ 노관심 ㅁㅈㅎ 농구 ㄵ ㅁㅈㅎ 노관심 ㅁㅈㅎ 농구 ㄵ ㅁㅈㅎ 노관심 ㅁㅈㅎ,3
쌍방울 레이더스가 오늘 롯데 자이언츠 이겨서 ㅁㅈㅎ,3
아마존 ceo 쿠바 출신 아버지는 새아빠라서 ㅁㅈㅎ생부는 이민자인지는 모르겠지만 덴마크 성씨임,3
쟤가 누군데> 그냥 유튜브에스 레나 치면됨?설명이 빈약해서 ㅁㅈㅎ,3
진짜 미개 클라스 쩌네,3
이성애자임 ㅁㅈㅎ,3
"바퀴벌레같은것들 애초에 불법으로 오질말았어야지, 범법행위해놓고 티비는 무슨배짱으로 나왔냐 진짜 나라가 미친듯.",3
파오후 존나 많네 시벌;;,3
민주화주러왔다가 일베주고간다~,3
웃대... 쟤넨 번탈 중에서도 번탈임 오타구 극혐,3
자지컷팅짤 좀 가져가라 기레기좆놈들아 그건 고소 안할게,3
한국 오지마 시발새끼들아,3
쌍도까서 ㅁㅈㅎ,3
Riot폭동게임 ㅁㅈㅎ,3
븅신아 전라도쪽 대학이 없는거지 전라도 출신이 없는거냐? ㅋㅋㅋ 머가리 수준이 딱 노가다 김씨네,3
저런 그지새끼들이 할말이아닌데,3
아~~내가 조선대 옆에 기생하던 조선이공대 다녔던 일게이다 지잡은 맞지만 전남대 다음으로 큰 대학이다 조이대 다니다 쪽팔려서 1학기만 다니고 자퇴하고 공돌이중 ㅅ ㅡㅂ ㅡ ㅂ,3
pc충 새끼들 sjw 새끼들 다 뒤져라,3
좋은 글 고맙다 계몽시키는 진짜 좋은 글이다 기독교 인간존중 사상에서 자유와 민주주의가 나오는 거지 우덜식 민주화 말고,3
이건 잘한건데?? 한번 빨갱이는 영원한 빨갱이다 빨갱이는 살처분이 답,3
차별금지법 반대 합니다. 차별 금지법은 국민의 자유를 구속하고n탄압하는 악법이며 역차별법 입니다. 민주주의에 차별금지법은n공산독재를 하는것과 같습니다.,3
게이들아 알겠냐경기대같은 개잡대는 저런 씨밥버러지들도 정교수 하는곳이다,3
손의원 한테 사과부터해래 기래기들아,3
기승전군대. 니가 가라 군대ㅋㅋㅋㅋ 작은 애들은 군머 20년 가둬놔야한다이기,3
내가 저래서 인간이 싫어 한국 문재앙빠는 좌좀새끼들이나 미국 pc충새끼들이나 진짜 극단적이네....,3
근데 오티패션을 왜 고민함?상의는 걍 챔피온/칼하트/허프/트래셔같은 스트릿브랜드 편한거로 입어주고바지는 디스퀘어나 거지면 게스청바지 입어주고신발은 돈좀잇음 골든구스 거지면 슈퍼스타나 쳐신고 가면 되는거아님?이렇게만 입어도 무시는 안당함또 편한게 장땡,3
대만 불바다 퀴어축제아니라 ㅁㅈㅎ,3
ㅇㅇ 민주화병신새끼를 왜 추대하노,3
병원을 가렴니가 정신병이야,3
저긴 걍 정신병자 집합소네,3
아니 병신들아 경찰은 그냥 시에서 허락받은 축제니깐 축제방해하면 민주화한다 라는 말인데 이건 무슨 경찰이 게이축제를 옹호하는듯한 말을 적어놨네,3
